N,gpu_float_sec,gpu_double_sec
10000,0.00101478,0.0192307
30000,0.0048425,0.171912
100000,0.0683059,1.89289
300000,0.590082,17.1568
1000000,6.19107,
