step,time,sep
0,0,8.06291
5,0.1,8.03677
10,0.2,8.01034
15,0.3,7.98359
20,0.4,7.95655
