step,time,sep
0,0,8.06291
5,0.05,8.04988
10,0.1,8.03677
15,0.15,8.02359
20,0.2,8.01034
